{"cameraMode":{"drawMode":0,"name":"Shaded","section":"Shading Mode"},"sceneLighting":true,"audioPlay":false,"sceneViewState":{"showFog":false,"showMaterialUpdate":false,"showSkybox":true,"showFlares":false,"showImageEffects":false,"showParticleSystems":false},"in2DMode":false,"pivot":{"x":9.106547355651856,"y":36.403038024902347,"z":-9.664262771606446},"rotation":{"x":0.11882422119379044,"y":0.5421431660652161,"z":-0.07778013497591019,"w":0.8282042145729065},"size":-3.3412625789642336,"orthographic":false}