{"cameraMode":{"drawMode":0,"name":"Shaded","section":"Shading Mode"},"sceneLighting":true,"audioPlay":false,"sceneViewState":{"showFog":false,"showMaterialUpdate":false,"showSkybox":true,"showFlares":false,"showImageEffects":false,"showParticleSystems":false},"in2DMode":false,"pivot":{"x":13.269347190856934,"y":27.352846145629884,"z":13.405927658081055},"rotation":{"x":0.09693029522895813,"y":-0.09182833135128021,"z":0.008981937542557717,"w":0.9910057783126831},"size":20.15231704711914,"orthographic":false}