{"cameraMode":{"drawMode":0,"name":"Shaded","section":"Shading Mode"},"sceneLighting":true,"audioPlay":false,"sceneViewState":{"showFog":false,"showMaterialUpdate":false,"showSkybox":true,"showFlares":false,"showImageEffects":false,"showParticleSystems":false},"in2DMode":false,"pivot":{"x":20.345552444458009,"y":5.542514324188232,"z":-8.286197662353516},"rotation":{"x":-0.06434997916221619,"y":-0.05715498700737953,"z":0.003696669125929475,"w":-0.9962969422340393},"size":0.4792705774307251,"orthographic":false}