{"cameraMode":{"drawMode":0,"name":"Shaded","section":"Shading Mode"},"sceneLighting":true,"audioPlay":false,"sceneViewState":{"showFog":false,"showMaterialUpdate":false,"showSkybox":true,"showFlares":false,"showImageEffects":false,"showParticleSystems":false},"in2DMode":false,"pivot":{"x":16.346229553222658,"y":29.274295806884767,"z":-4.01458740234375},"rotation":{"x":0.11002431064844132,"y":0.052168019115924838,"z":-0.0058041587471961979,"w":0.992564857006073},"size":0.34350523352622988,"orthographic":false}