{"cameraMode":{"drawMode":0,"name":"Shaded","section":"Shading Mode"},"sceneLighting":true,"audioPlay":false,"sceneViewState":{"showFog":false,"showMaterialUpdate":false,"showSkybox":true,"showFlares":false,"showImageEffects":false,"showParticleSystems":false},"in2DMode":false,"pivot":{"x":-13.073554039001465,"y":31.518634796142579,"z":7.159780025482178},"rotation":{"x":0.08019331842660904,"y":0.7443003058433533,"z":-0.09087727963924408,"w":0.6567726731300354},"size":2.726253032684326,"orthographic":false}