{"cameraMode":{"drawMode":0,"name":"Shaded","section":"Shading Mode"},"sceneLighting":true,"audioPlay":false,"sceneViewState":{"showFog":false,"showMaterialUpdate":false,"showSkybox":true,"showFlares":false,"showImageEffects":false,"showParticleSystems":false},"in2DMode":false,"pivot":{"x":19.722434997558595,"y":20.426395416259767,"z":22.678136825561525},"rotation":{"x":0.19331106543540955,"y":0.06735915690660477,"z":-0.013305564410984517,"w":0.97874516248703},"size":15.791473388671875,"orthographic":false}