{"cameraMode":{"drawMode":0,"name":"Shaded","section":"Shading Mode"},"sceneLighting":true,"audioPlay":false,"sceneViewState":{"showFog":false,"showMaterialUpdate":false,"showSkybox":true,"showFlares":false,"showImageEffects":false,"showParticleSystems":false},"in2DMode":false,"pivot":{"x":14.44908618927002,"y":30.662160873413087,"z":0.5612553954124451},"rotation":{"x":-0.03447127342224121,"y":-0.036867402493953708,"z":-0.0012706483248621226,"w":0.9987286329269409},"size":4.579126358032227,"orthographic":false}