{"cameraMode":{"drawMode":0,"name":"Shaded","section":"Shading Mode"},"sceneLighting":true,"audioPlay":false,"sceneViewState":{"showFog":false,"showMaterialUpdate":false,"showSkybox":true,"showFlares":false,"showImageEffects":false,"showParticleSystems":false},"in2DMode":false,"pivot":{"x":22.992568969726564,"y":29.044809341430665,"z":13.071609497070313},"rotation":{"x":-0.010481410659849644,"y":0.059064652770757678,"z":0.0006202397053129971,"w":0.9981991648674011},"size":12.61868953704834,"orthographic":false}