{"cameraMode":{"drawMode":0,"name":"Shaded","section":"Shading Mode"},"sceneLighting":true,"audioPlay":false,"sceneViewState":{"showFog":false,"showMaterialUpdate":false,"showSkybox":true,"showFlares":false,"showImageEffects":false,"showParticleSystems":false},"in2DMode":false,"pivot":{"x":15.335402488708496,"y":28.004098892211915,"z":-1.1821489334106446},"rotation":{"x":0.12656135857105256,"y":0.09567026048898697,"z":-0.012262037955224514,"w":0.9872639179229736},"size":3.6073946952819826,"orthographic":false}