{"cameraMode":{"drawMode":0,"name":"Shaded","section":"Shading Mode"},"sceneLighting":true,"audioPlay":false,"sceneViewState":{"showFog":false,"showMaterialUpdate":false,"showSkybox":true,"showFlares":false,"showImageEffects":false,"showParticleSystems":false},"in2DMode":false,"pivot":{"x":0.27335771918296816,"y":26.241296768188478,"z":-0.8404115438461304},"rotation":{"x":-0.015739040449261667,"y":0.7545547485351563,"z":0.018119338899850847,"w":0.655819833278656},"size":5.313667297363281,"orthographic":false}