{"cameraMode":{"drawMode":0,"name":"Shaded","section":"Shading Mode"},"sceneLighting":true,"audioPlay":false,"sceneViewState":{"showFog":false,"showMaterialUpdate":false,"showSkybox":true,"showFlares":false,"showImageEffects":false,"showParticleSystems":false},"in2DMode":false,"pivot":{"x":-1.4033442735671998,"y":1.8304572105407715,"z":-0.7432053089141846},"rotation":{"x":0.1875017285346985,"y":0.48331326246261599,"z":-0.10681082308292389,"w":0.8484565019607544},"size":0.4638160467147827,"orthographic":false}