{"cameraMode":{"drawMode":0,"name":"Shaded","section":"Shading Mode"},"sceneLighting":false,"audioPlay":false,"sceneViewState":{"showFog":false,"showMaterialUpdate":false,"showSkybox":false,"showFlares":false,"showImageEffects":false,"showParticleSystems":false},"in2DMode":false,"pivot":{"x":4.2300004959106449,"y":-5.960464477539063e-8,"z":-3.319997549057007},"rotation":{"x":0.11882422119379044,"y":0.5421431660652161,"z":-0.07778013497591019,"w":0.8282042145729065},"size":0.193882554769516,"orthographic":false}