{"cameraMode":{"drawMode":0,"name":"Shaded","section":"Shading Mode"},"sceneLighting":true,"audioPlay":false,"sceneViewState":{"showFog":false,"showMaterialUpdate":false,"showSkybox":true,"showFlares":false,"showImageEffects":false,"showParticleSystems":false},"in2DMode":false,"pivot":{"x":-0.0030338168144226076,"y":1.739040493965149,"z":-0.007368877530097961},"rotation":{"x":0.08718719333410263,"y":0.5518989562988281,"z":-0.05816187709569931,"w":0.8273195028305054},"size":1.1253299713134766,"orthographic":false}