{"cameraMode":{"drawMode":0,"name":"Shaded","section":"Shading Mode"},"sceneLighting":true,"audioPlay":false,"sceneViewState":{"showFog":false,"showMaterialUpdate":false,"showSkybox":true,"showFlares":false,"showImageEffects":false,"showParticleSystems":false},"in2DMode":false,"pivot":{"x":22.3947811126709,"y":15.85698127746582,"z":23.942567825317384},"rotation":{"x":0.21987780928611756,"y":0.051187459379434589,"z":-0.011554722674190998,"w":0.9741190075874329},"size":19.655534744262697,"orthographic":false}