{"cameraMode":{"drawMode":0,"name":"Shaded","section":"Shading Mode"},"sceneLighting":true,"audioPlay":false,"sceneViewState":{"showFog":false,"showMaterialUpdate":false,"showSkybox":true,"showFlares":false,"showImageEffects":false,"showParticleSystems":false},"in2DMode":false,"pivot":{"x":3.5028977394104006,"y":1.2258533239364625,"z":-10.441390037536621},"rotation":{"x":-0.09001033753156662,"y":0.5823615789413452,"z":-0.06509125977754593,"w":-0.805307149887085},"size":2.856998920440674,"orthographic":false}