{"cameraMode":{"drawMode":0,"name":"Shaded","section":"Shading Mode"},"sceneLighting":true,"audioPlay":false,"sceneViewState":{"showFog":false,"showMaterialUpdate":false,"showSkybox":true,"showFlares":false,"showImageEffects":false,"showParticleSystems":false},"in2DMode":false,"pivot":{"x":16.201372146606447,"y":29.031761169433595,"z":-2.68998646736145},"rotation":{"x":0.1611490249633789,"y":0.3789921998977661,"z":-0.06720323115587235,"w":0.9087837338447571},"size":2.479126453399658,"orthographic":false}