{"cameraMode":{"drawMode":0,"name":"Shaded","section":"Shading Mode"},"sceneLighting":true,"audioPlay":false,"sceneViewState":{"showFog":false,"showMaterialUpdate":false,"showSkybox":true,"showFlares":false,"showImageEffects":false,"showParticleSystems":false},"in2DMode":false,"pivot":{"x":-5.87185001373291,"y":23.043973922729493,"z":-2.279714822769165},"rotation":{"x":0.048384133726358417,"y":0.7718456983566284,"z":-0.05915791168808937,"w":0.6312229037284851},"size":1.1737465858459473,"orthographic":false}