{"cameraMode":{"drawMode":0,"name":"Shaded","section":"Shading Mode"},"sceneLighting":true,"audioPlay":false,"sceneViewState":{"showFog":false,"showMaterialUpdate":false,"showSkybox":true,"showFlares":false,"showImageEffects":false,"showParticleSystems":false},"in2DMode":false,"pivot":{"x":-0.9361193180084229,"y":0.5020343065261841,"z":-0.1549118012189865},"rotation":{"x":-0.20142123103141786,"y":0.6039703488349915,"z":-0.16130562126636506,"w":-0.7541037201881409},"size":0.8662444949150086,"orthographic":false}