{"cameraMode":{"drawMode":0,"name":"Shaded","section":"Shading Mode"},"sceneLighting":true,"audioPlay":false,"sceneViewState":{"showFog":false,"showMaterialUpdate":false,"showSkybox":true,"showFlares":false,"showImageEffects":false,"showParticleSystems":false},"in2DMode":false,"pivot":{"x":28.229768753051759,"y":21.674678802490236,"z":17.652442932128908},"rotation":{"x":0.17732928693294526,"y":0.2788698673248291,"z":-0.05247748643159866,"w":0.9423683881759644},"size":15.327408790588379,"orthographic":false}