{"cameraMode":{"drawMode":0,"name":"Shaded","section":"Shading Mode"},"sceneLighting":true,"audioPlay":false,"sceneViewState":{"showFog":false,"showMaterialUpdate":false,"showSkybox":true,"showFlares":false,"showImageEffects":false,"showParticleSystems":false},"in2DMode":false,"pivot":{"x":17.843603134155275,"y":27.873653411865236,"z":-3.343891143798828},"rotation":{"x":0.20744575560092927,"y":-0.4120911657810211,"z":0.09688853472471237,"w":0.8819339871406555},"size":2.048825979232788,"orthographic":false}