{"cameraMode":{"drawMode":0,"name":"Shaded","section":"Shading Mode"},"sceneLighting":true,"audioPlay":false,"sceneViewState":{"showFog":false,"showMaterialUpdate":false,"showSkybox":true,"showFlares":false,"showImageEffects":false,"showParticleSystems":false},"in2DMode":false,"pivot":{"x":-2.8338394165039064,"y":2.7112746238708498,"z":22.66448974609375},"rotation":{"x":0.187180295586586,"y":0.44262653589248659,"z":-0.09504649043083191,"w":0.8718103766441345},"size":0.24073225259780885,"orthographic":false}