{"cameraMode":{"drawMode":0,"name":"Shaded","section":"Shading Mode"},"sceneLighting":true,"audioPlay":false,"sceneViewState":{"showFog":false,"showMaterialUpdate":false,"showSkybox":true,"showFlares":false,"showImageEffects":false,"showParticleSystems":false},"in2DMode":false,"pivot":{"x":1.4197821617126465,"y":1.7552921772003174,"z":-1.5401753187179566},"rotation":{"x":-0.14886724948883058,"y":0.7550795078277588,"z":-0.1838279813528061,"w":-0.6114770174026489},"size":7.413455009460449,"orthographic":false}