{"cameraMode":{"drawMode":0,"name":"Shaded","section":"Shading Mode"},"sceneLighting":true,"audioPlay":false,"sceneViewState":{"showFog":false,"showMaterialUpdate":false,"showSkybox":true,"showFlares":false,"showImageEffects":false,"showParticleSystems":false},"in2DMode":false,"pivot":{"x":1.5196523666381837,"y":25.981060028076173,"z":32.07365798950195},"rotation":{"x":0.05386149883270264,"y":0.32521766424179079,"z":-0.018553270027041436,"w":0.9439393281936646},"size":4.163054466247559,"orthographic":false}