{"cameraMode":{"drawMode":0,"name":"Shaded","section":"Shading Mode"},"sceneLighting":true,"audioPlay":false,"sceneViewState":{"showFog":false,"showMaterialUpdate":false,"showSkybox":true,"showFlares":false,"showImageEffects":false,"showParticleSystems":false},"in2DMode":false,"pivot":{"x":-0.23417797684669496,"y":0.3309706449508667,"z":-2.738884449005127},"rotation":{"x":-0.01035240851342678,"y":0.9809841513633728,"z":-0.18611805140972138,"w":-0.05450095236301422},"size":1.7267568111419678,"orthographic":false}