{"cameraMode":{"drawMode":0,"name":"Shaded","section":"Shading Mode"},"sceneLighting":false,"audioPlay":false,"sceneViewState":{"showFog":false,"showMaterialUpdate":false,"showSkybox":false,"showFlares":false,"showImageEffects":false,"showParticleSystems":false},"in2DMode":false,"pivot":{"x":20.149999618530275,"y":30.890499114990236,"z":-4.960000991821289},"rotation":{"x":0.11882422119379044,"y":0.5421431660652161,"z":-0.07778013497591019,"w":0.8282042145729065},"size":6.08268928527832,"orthographic":false}