{"cameraMode":{"drawMode":0,"name":"Shaded","section":"Shading Mode"},"sceneLighting":true,"audioPlay":false,"sceneViewState":{"showFog":false,"showMaterialUpdate":false,"showSkybox":false,"showFlares":false,"showImageEffects":false,"showParticleSystems":false},"in2DMode":false,"pivot":{"x":428.9600524902344,"y":249.07923889160157,"z":137.84034729003907},"rotation":{"x":0.159664124250412,"y":0.2387673258781433,"z":-0.03983313590288162,"w":0.9570345878601074},"size":350.0686950683594,"orthographic":false}