{"cameraMode":{"drawMode":0,"name":"Shaded","section":"Shading Mode"},"sceneLighting":true,"audioPlay":false,"sceneViewState":{"showFog":false,"showMaterialUpdate":false,"showSkybox":true,"showFlares":false,"showImageEffects":false,"showParticleSystems":false},"in2DMode":false,"pivot":{"x":86.81697082519531,"y":7.138298034667969,"z":66.99324798583985},"rotation":{"x":0.14301133155822755,"y":0.4879620373249054,"z":-0.0814068615436554,"w":0.8572148680686951},"size":29.998607635498048,"orthographic":false}