{"cameraMode":{"drawMode":0,"name":"Shaded","section":"Shading Mode"},"sceneLighting":true,"audioPlay":false,"sceneViewState":{"showFog":false,"showMaterialUpdate":false,"showSkybox":true,"showFlares":false,"showImageEffects":false,"showParticleSystems":false},"in2DMode":false,"pivot":{"x":0.2308971881866455,"y":2.0258126258850099,"z":4.232912063598633},"rotation":{"x":0.0873781070113182,"y":0.41569769382476809,"z":-0.04015812650322914,"w":0.9044756889343262},"size":2.258096933364868,"orthographic":false}