{"cameraMode":{"drawMode":0,"name":"Shaded","section":"Shading Mode"},"sceneLighting":true,"audioPlay":false,"sceneViewState":{"showFog":true,"showMaterialUpdate":false,"showSkybox":true,"showFlares":true,"showImageEffects":true,"showParticleSystems":true},"in2DMode":false,"pivot":{"x":1.589341402053833,"y":2.0838441848754885,"z":3.360140800476074},"rotation":{"x":0.10952840000391007,"y":0.7200238108634949,"z":-0.11679529398679733,"w":0.6752248406410217},"size":1.42872953414917,"orthographic":false}