{"cameraMode":{"drawMode":0,"name":"Shaded","section":"Shading Mode"},"sceneLighting":true,"audioPlay":false,"sceneViewState":{"showFog":true,"showMaterialUpdate":false,"showSkybox":true,"showFlares":true,"showImageEffects":true,"showParticleSystems":true},"in2DMode":false,"pivot":{"x":560.2694091796875,"y":275.2777404785156,"z":-143.03500366210938},"rotation":{"x":-0.0026903103571385147,"y":0.0044951410964131359,"z":0.00001219424211740261,"w":0.999986469745636},"size":159.07077026367188,"orthographic":false}